Country,Search_Keyword,Search_Location,Job_Title,Job_Detail_Link,Company_Name,Location,Job_rating,Job_review_count,Salary,minSalary,maxSalary,salaryType,Job_Type,Job_description,Email,Job_Posted,Job_valid_through,Technical_skills,Secteur,Rang Secteur,Nom de l'Entreprise,Score Final,Rang Total,Score Environnement,Score Social,Score Gouvernance
CA,data analyst,"Ottawa, ON",Data Analyst Co-op,https://ca.indeed.com/rc/clk?bb=qavGsng0kO9xZJN7ZhlVJoAyXPG_gz4V01XATjgwYohutD4yayaa_PYK3NxbjpAlaMIz74akK1jlWIMDA_q7u6QIH8j0L79Y5BIl2F0SdgPapA3VqAFTmTxyqmxJrME81bTdBATlJrv_8Zgv-4H5Hw==&jk=b4473cd5ee075dd2&mtk=1hl5imqqkk6or804&from=serp&xkcb=SoCw67M3FltUhHWYNx0ObzkdCdPP,Ericsson,"Ottawa, ON",4.1,"6,986",,,,,"Full-time
Internship \u002F Co-op","
 Location: Ottawa
  Start date: May 6, 2024
  Length: 8 top 16 months
 
  About this opportunity 
 As the tech firm that created the mobile world, and with more than 54,000 patents to our name, we’ve made it our business to make a mark. When joining our team at Ericsson you are empowered to learn, lead and perform at your best, shaping the future of technology. This is a place where you're welcomed as your own perfectly unique self, and celebrated for the skills, talent, and perspective you bring to the team. Come, and be where it begins!
  The Co-op Student “Data Analyst position” in Customer Experience Team is an outstanding opportunity to join a diverse and experienced group of fellows Co-ops to part in innovation and improvement projects helping the internal workings of a multinational networking and communications company. These projects can span many departments and offices and will give you exposure to new technologies and methods of working. You will support and learn alongside senior engineers and developers who are experts in their respective fields to accomplish your goals and create continuous improvements for the company!
 
  What you will do 
 
  Work on a variety of analytic activities, including data preparation, data exploration, data visualization, machine learning (Power BI, Jupyter)
   Work on data engineering tasks to develop and maintain pipeline (Kubernetes, Argo workflows)
   Develop your skills in data accessing and management (SQL, Parquet, PySpark)
   Meet with task stakeholders and define plans of analyzing and resolving ongoing problems
   Researching and presenting prospective technologies and platforms for the department and office
   8 to 16-month Co-op working term with 8 hour work days/40 hours per week
   Work with a dynamic global team supporting analytic investigations into hardware releated issues, applying different skills from data science.
   Socialize with other Co-ops at the Ottawa office through the Ericsson E-Squad program, for weekly games and occasional exciting competitions between E-Squads
   Engage with Ericsson’s bottom-up innovation initatives to suggest new ideas and services for the corporation
   Teach and learn from colleagues at weekly knowledge sharing sessions on vital topics
   Flexible hours and hybrid work options
 
  You will bring 
 
  Studying in a related technical field (Computer Science, Computer Engineering, Software Engineering, etc) for bachelor’s or master’s degree or equivalent experience
   Your expertise with programming and scripting in Python
   Experience with Pandas and data processing
   Knowledgeable with advanced statistics
   English speaking and writing communication capabilities
   Comfortable speaking up about work related tasks and describing ongoing progress
   Excellent planning and organizational capabilities
   Time zone and scheduling flexibility when working alongside those in other offices
 
 
  Why join Ericsson?
  At Ericsson, you´ll have an outstanding opportunity. The chance to use your skills and creativity to push the boundaries of what´s possible. To build never seen before solutions to some of the world’s toughest problems. You´ll be challenged, but you won’t be alone. You´ll be joining a team of diverse innovators, all driven to go beyond the status quo to craft what comes next.
 
  
 Encouraging a diverse and inclusive organization is core to our values at Ericsson, that's why we nurture it in everything we do. We truly believe that by collaborating with people with different experiences we drive innovation, which is essential for our future growth. We encourage people from all backgrounds to apply and realize their full potential as part of our Ericsson team. Ericsson is proud to be an Equal Opportunity and Affirmative Action employer, learn more. If you need assistance or to request an accommodation due to a disability, please contact Ericsson at hr.direct.mana@ericsson.com
 
  DISCLAIMER: The above statements are intended to describe the general nature and level of work being performed by employees in this position. They are not an exhaustive list of all responsibilities, duties and skills required for this position, and you may be required to perform additional job tasks as assigned.
 
  Primary country and city: Canada (CA) || Canada : Ontario : Ottawa
  Req ID: 741399
",hr.direct.mana@ericsson.com,2024-01-11T20:28:52Z,2024-05-26T12:46:47.648Z,"['Python', 'R', 'SQL', 'Excel', 'Spark', 'SQL', 'Kubernetes', 'pySpark', 'Pyspark', 'PySpark', 'Pandas']",it-informatique-et-telecommunications,15,Ericsson,65.8,183,81.4,68.5,47.4
CA,data analyst,"Ottawa, ON",Cloud RAN Business Insights Analyst Coop - Summer 2024,https://ca.indeed.com/rc/clk?bb=qavGsng0kO9xZJN7ZhlVJgCV8V6Zt0HjeWGpA7J66ruJs3VIV3Oe-gTUzmB-jteDRKgf62qn3pKZYZu7J38Wr2pcZ7vwlaJdFuO6ov3Ql2Ww2X2NSYnVe0cCE8afMbNdhuOX_cZBpvBMnjSwfnst5A==&jk=7594603dcad1bca1&mtk=1hl5imqqkk6or804&from=serp&xkcb=SoBS67M3FltUhH2YNx0LbzkdCdPP,Ericsson,"Ottawa, ON",,,,,,,,,,,,[],it-informatique-et-telecommunications,15,Ericsson,65.8,183,81.4,68.5,47.4
CA,data scientist,"Ottawa, ON",Data Analyst Co-op,https://ca.indeed.com/rc/clk?bb=ilnnNVGxgU85t_UjwTB0e3IzPoM1kx3CIZwUkrICfaQU-S8OdQlYq-tbrjAZ5kyDFSLezrS2lH3dAeimHVDxtjcsTx1MmtgoqT-sl6ILPuxAfE84NJYXF7_vh9FLasB_PG4-W9dxtw53CoZfRGW36w==&jk=b4473cd5ee075dd2&mtk=1hl5k5jjajjii803&from=serp&xkcb=SoD467M3FlgZrPRyk50NbzkdCdPP,Ericsson,"Ottawa, ON",4.1,"6,986",,,,,"Full-time
Internship \u002F Co-op","
 Location: Ottawa
  Start date: May 6, 2024
  Length: 8 top 16 months
 
  About this opportunity 
 As the tech firm that created the mobile world, and with more than 54,000 patents to our name, we’ve made it our business to make a mark. When joining our team at Ericsson you are empowered to learn, lead and perform at your best, shaping the future of technology. This is a place where you're welcomed as your own perfectly unique self, and celebrated for the skills, talent, and perspective you bring to the team. Come, and be where it begins!
  The Co-op Student “Data Analyst position” in Customer Experience Team is an outstanding opportunity to join a diverse and experienced group of fellows Co-ops to part in innovation and improvement projects helping the internal workings of a multinational networking and communications company. These projects can span many departments and offices and will give you exposure to new technologies and methods of working. You will support and learn alongside senior engineers and developers who are experts in their respective fields to accomplish your goals and create continuous improvements for the company!
 
  What you will do 
 
  Work on a variety of analytic activities, including data preparation, data exploration, data visualization, machine learning (Power BI, Jupyter)
   Work on data engineering tasks to develop and maintain pipeline (Kubernetes, Argo workflows)
   Develop your skills in data accessing and management (SQL, Parquet, PySpark)
   Meet with task stakeholders and define plans of analyzing and resolving ongoing problems
   Researching and presenting prospective technologies and platforms for the department and office
   8 to 16-month Co-op working term with 8 hour work days/40 hours per week
   Work with a dynamic global team supporting analytic investigations into hardware releated issues, applying different skills from data science.
   Socialize with other Co-ops at the Ottawa office through the Ericsson E-Squad program, for weekly games and occasional exciting competitions between E-Squads
   Engage with Ericsson’s bottom-up innovation initatives to suggest new ideas and services for the corporation
   Teach and learn from colleagues at weekly knowledge sharing sessions on vital topics
   Flexible hours and hybrid work options
 
  You will bring 
 
  Studying in a related technical field (Computer Science, Computer Engineering, Software Engineering, etc) for bachelor’s or master’s degree or equivalent experience
   Your expertise with programming and scripting in Python
   Experience with Pandas and data processing
   Knowledgeable with advanced statistics
   English speaking and writing communication capabilities
   Comfortable speaking up about work related tasks and describing ongoing progress
   Excellent planning and organizational capabilities
   Time zone and scheduling flexibility when working alongside those in other offices
 
 
  Why join Ericsson?
  At Ericsson, you´ll have an outstanding opportunity. The chance to use your skills and creativity to push the boundaries of what´s possible. To build never seen before solutions to some of the world’s toughest problems. You´ll be challenged, but you won’t be alone. You´ll be joining a team of diverse innovators, all driven to go beyond the status quo to craft what comes next.
 
  
 Encouraging a diverse and inclusive organization is core to our values at Ericsson, that's why we nurture it in everything we do. We truly believe that by collaborating with people with different experiences we drive innovation, which is essential for our future growth. We encourage people from all backgrounds to apply and realize their full potential as part of our Ericsson team. Ericsson is proud to be an Equal Opportunity and Affirmative Action employer, learn more. If you need assistance or to request an accommodation due to a disability, please contact Ericsson at hr.direct.mana@ericsson.com
 
  DISCLAIMER: The above statements are intended to describe the general nature and level of work being performed by employees in this position. They are not an exhaustive list of all responsibilities, duties and skills required for this position, and you may be required to perform additional job tasks as assigned.
 
  Primary country and city: Canada (CA) || Canada : Ontario : Ottawa
  Req ID: 741399
",hr.direct.mana@ericsson.com,2024-01-11T20:28:52Z,2024-05-26T13:12:01.808Z,"['Python', 'R', 'SQL', 'Excel', 'Spark', 'SQL', 'Kubernetes', 'pySpark', 'Pyspark', 'PySpark', 'Pandas']",it-informatique-et-telecommunications,15,Ericsson,65.8,183,81.4,68.5,47.4
CA,data scientist,"Ottawa, ON",Radio Software Co-op ML and AI - Summer 2024,https://ca.indeed.com/rc/clk?bb=ilnnNVGxgU85t_UjwTB0ewSZmWaydJVGI-Z5w1DxSmRpm4vvo2wFDdeF8-MatIIUHWl7hnI_Q_8QbDcevix3vvlnAijh9qwjsPqw1j2bilv49mV623Hjm61dqIbu5i2kWyvKS6VtvpNuc8GKogoGMg==&jk=1fe3e9b99fe62d0f&mtk=1hl5k5jjajjii803&from=serp&xkcb=SoCu67M3FlgZrPxyk50JbzkdCdPP,Ericsson,"Ottawa, ON",4.1,"6,986",,,,,Internship \u002F Co-op,"
 Location: Ottawa(Kanata Tech Park), Ontario (hybrid/onsite as needed by the team)
  Duration: Min 12 months, prefer 16 months
  Start: May 6th, 2024
  
  About this opportunity
  
 Radio Software strives to be the most driven Radio Network R&D unit in the industry. We work in an agile setup to develop and maintain competitive, high quality Radio products which give our customers solutions securing future growth. We develop 5G, LTE, WCDMA, GSM and CDMA Network solutions to operators all over the world.
 
  Our Exciting Opportunity!
  We are looking for students or young graduates who wish to intern at Ericsson and assist in Radio SW upskilling of ML/AI domain within the Radio software and hardware.
  You will work on large data from various tools and contribute to developing a variety of ML/AI implementations. You will have the opportunity to use new technologies/skills to find use cases for AI applications within Radio domain. You will develop new algorithms and tools to increase efficiency of, for example: bug tracking, issue response and resolution for different products.
 
  What you will do 
 
  Perform data extraction and transformation.
   Document and maintain analysis and selection methods.
   Evaluate and propose AI/ML algorithms together with Senior team members for usability.
   Visualize data with UX principles in mind.
   Communicate results and recommendations to both technical and non-technical audiences.
 
 
  You will bring
 
   Ongoing studies at Bachelor or Master Program majored in Software Engineering, Computer Science, Data Science, Communications, Information Technology, Electrical Engineering or similar.
   Expected graduation in less than a year.
   Solid programming knowledge
   English language proficiency (both written and spoken)
   Self-motivated, driven, results-oriented.
   Good planning and organizational skills
   Good communication and presentation skills
   Open minded and proactive attitude
   Capability to understand and propose solutions for new and complex problems.
   Ability to work in teams and Eager to continue growing and learning.
 
  Preferred if you have:
 
   Experience or theoretical knowledge in Machine Learning techniques such as reinforcement learning, federated learning, transfer learning, deep learning, imitation learning, multi-agent systems, pattern recognition, classification, random forest, etc.
   Knowledge of statistical models such as bootstrap, IQR, K-S test, regression, ARIMA, etc.
   Experience with C++, Python, Java, Bash and ML frameworks such as TensorFlow, PyTorch, Keras, Kubernetes.
   Understanding of the Linux ecosystem
 
 
  Why join Ericsson?
  At Ericsson, you´ll have an outstanding opportunity. The chance to use your skills and creativity to push the boundaries of what´s possible. To build never seen before solutions to some of the world’s toughest problems. You´ll be challenged, but you won’t be alone. You´ll be joining a team of diverse innovators, all driven to go beyond the status quo to craft what comes next.
  
 What happens once you apply?
  Click Here to find all you need to know about what our typical hiring process looks like.
 
  This position reports to Line Manager Radio SW Design 5
 
  Encouraging a diverse and inclusive organization is core to our values at Ericsson, that's why we nurture it in everything we do. We truly believe that by collaborating with people with different experiences we drive innovation, which is essential for our future growth. We encourage people from all backgrounds to apply and realize their full potential as part of our Ericsson team. Ericsson is proud to be an Equal Opportunity and Affirmative Action employer, learn more. If you need assistance or to request an accommodation due to a disability, please contact Ericsson at hr.direct.mana@ericsson.com
 
  DISCLAIMER: The above statements are intended to describe the general nature and level of work being performed by employees in this position. They are not an exhaustive list of all responsibilities, duties and skills required for this position, and you may be required to perform additional job tasks as assigned.
 
  Primary country and city: Canada (CA) || Canada : Ontario : Ottawa
  Req ID: 740038
",hr.direct.mana@ericsson.com,2023-12-02T02:29:18Z,2024-05-26T13:12:22.108Z,"['Python', 'R', 'Kubernetes', 'keras', 'Tensorflow', 'Random Forest', 'Pytorch', 'Java', 'java', 'C++']",it-informatique-et-telecommunications,15,Ericsson,65.8,183,81.4,68.5,47.4
FR,data engineer,Paris (75),STAGE - Ingénieur-Analyste Data / INTERNSHIP - Data Engineer-Analyst (H/F),https://fr.indeed.com/m/app/vjredirect?dest=https%3A%2F%2Ffr.indeed.com%2Fpagead%2Fclk%3Fmo%3Dr%26ad%3D-6NYlbfkN0BYf14EJxPuJtVJffztcJdOxSBUM1rlhwaBfCjmyTThAN784mMCwK5YqnnVFs7IjiaZv3118wRV88n9XvagBP1q0FAsyt_lCs7Zr3C4wMSYsZoFke8Zt8a-jJhO2fYLN743yWhKXahPMzSjhz4e_9-UFr6ZUs5v0BTugmun9jv2brPKKsO77rOkLxH2zAWFqZnZMD-PuplsxM_21CE8xd-9u5ZsUZFFsjUTFRrcwg3XLuQc_HUiSJKa42fy9CYRh_aKSkE_DlRw6Vq27cW5nEPWNQR5MBb-8suHYtbcLiWuSK9wO8yCmkRc_jk0UEOL5q2qIiT6oervXHHGdJRlKfBBOmXtiCpm_MxJJfRJ-uSC0Q5BFE1LR9n6D4uIieiBmA7lMZfg4eOco0GAUQTmKp4wOl-33I54k2i1Qsp2xMEjud4805LWNY260J-SU1YshV50Irg5myQ32q9zCD8r5IlhconCK7aOQVua98XVJHgO4WDRnGnTQpRM9nc-oXOlrtz6R8CxBjeEP6J2Qj3nBF2Se1vtrwxGIdVVXbIN8b2aRamb3BS1N1FqB4M1LKV0aBswhcZFOxVGipyQff3vVOH_16cmzx3ifP5UVnMbj04JqJiAMCW87CqKV6E6n9xj5T_eZFZxouOjWizVGN5AVj_lIEACbVp7Jp4RufdoOFh0W8ue6LDoSX6sNwjlRJH7YM5UnJbZSbbfIXHHFcOMv5IlERAV5qUidd91TkNRmCT99uZjEHl5i7h8rvk1ZwHLJnU3qR66rq7hJQSekEZMM0QXjz65_F-gWYNZwtlA9ncSYbYvj6DvjIS1QICBpYr-0kI%3D%26xkcb%3DSoDj6_M3FlpsE6xigB0IbzkdCdPP%26p%3D3%26atk%3D1hl5gou5dj6cr800%26prforceGroups%3D%26from%3Dserp&mclk=jk%3Dfbfb6c129beb002a%26rd%3DVwIPTVJ1cTn5AN7Q-tSqGRXGNe2wB2UYx73qSczFnGU%26what%3Ddata+engineer%26mobtk%3D1hl5gou5cj6cr801%26atk%3D1hl5gou5dj6cr800%26spon%3D1%26where%3DParis+%2875%29%26jt%3D%26dupclk%3D0%26radius%3D25%26explvl%3D,TotalEnergies,Courbevoie (92),3.9,"1,626",,,,,"Courte durée jusqu'à 6 mois
Temps plein
Stage","
 
  
   
    
     
      
       
        
         
          Pays 
         
         France 
        
        
         
          Lieu de travail 
         
         COURBEVOIE(PLD)-COUPOLE(FRA) 
        
        
         
          Domaine 
         
         Stratégie Economie Business 
        
        
         
          Lieu 
         
         92 - Hauts-de-Seine 
        
        
         
          Type d'emploi 
         
         Stage conventionné 
        
        
         
          Durée du contrat
           6 Mois 
         
        
        
         
          Expérience 
         
         Moins de 3 ans 
        
       
      
     
    
   
   
    
     
      
       
        
         
          Profil du candidat
          
        
       
      
      
       
        
         
          
           Actuellement étudiant(e) en dernière année d'école d'ingénieurs ou université, vous êtes à la recherche d'un stage conventionné de fin d'études d'une durée de 6 mois à temps plein pour valider votre formation.
          
          
            
            Compétences
            :
            
           
             Economies d'énergie 
           
           
            Capacité d'analyse 
           
           
            Compétences analytiques
           
           
           
             Microsoft Excel avancé (Power Query)
           
           
             Python 
           
           
            SQL 
           
           
            Git (Github)
           
           
           
             Anglais courant
           
            
            Savoir-être
            :
            
           
             Engagement
           
           
             Bon relationnel
           
           
             Sérieux
           
           
         
        
       
      
     
     
      
       
        
         
          Activités
          
        
       
      
      
       
        
         
          L'une des principales missions de ce stage est de rechercher une nouvelle base de données pour la production d'électricité et d'hydrogène, de traiter et structurer les données afin qu'elles puissent être utilisées pour les applications LCOE et LCOH. En outre, assister au codage python qui sert à calculer l'aspect technico-économique du LCOE/LCOH.
           Plus précisément:
          
           Gérer de manière autonome les nouvelles fonctionnalités qui doivent être ajoutées au code techno-économique du LCOE/LCOH.
           Contribuer au codage de nouvelles fonctionnalités pour l'application LCOE, tout en étant autonome. 
           Collecter, traiter et structurer les nouvelles bases de données LCOE et LCOH fournies par des consultants externes (en utilisant Excel Power Query), afin de mettre à jour le modèle économique Excel et l'application. 
           Créer des diagrammes de flux pour simplifier les calculs utilisés dans le modèle économique LCOH. 
           Documenter les workflows des applis pour une passation à l'équipe TMA.
           
         
        
       
      
     
     
      
       
        
         
          Contexte et environnement
          
        
       
      
      
       
        
         
          
           Pour contribuer aux ambitions de la compagnie TotalEnergies à s'inscrire dans la transition énergétique et les énergies renouvelables (35 GW de l'énergie renouvelable d'ici 2025 et 100GW en 2030), la branche Gas, Renewables & Power (GRP) porte l'ambition du Groupe dans les activités à faible émission de carbone par le développement du gaz et des énergies renouvelables, ainsi que dans l'efficacité énergétique.
          
         
        
       
      
     
    
   
  
  
  
   
    
      
    
   
  
 
 
  
   
    
     
      
       
        
         
          TotalEnergies est une compagnie multi-énergies mondiale de production et de fourniture d’énergies : pétrole et biocarburants, gaz naturel et gaz verts, renouvelables et électricité. Ses 105 000 collaborateurs s'engagent pour une énergie toujours plus abordable, propre, fiable et accessible au plus grand nombre. Présent dans plus de 130 pays, TotalEnergies inscrit le développement durable dans toutes ses dimensions au cœur de ses projets et opérations pour contribuer au bien-être des populations.
         
        
       
      
     
    
   
  
 

",,2024-01-04T18:38:50Z,,"['Python', 'R', 'SQL', 'Excel', 'SQL', 'Git']",industrie-chimique,4,TotalEnergies,75.0,87,62.4,76.2,86.3
FR,data engineer,Paris (75),STAGE - Ingénieur-Analyste Data / INTERNSHIP - Data Engineer-Analyst (H/F),https://fr.indeed.com/m/app/vjredirect?dest=https%3A%2F%2Ffr.indeed.com%2Fpagead%2Fclk%3Fmo%3Dr%26ad%3D-6NYlbfkN0BYf14EJxPuJtVJffztcJdOxSBUM1rlhwaBfCjmyTThAN784mMCwK5YqnnVFs7IjiaZv3118wRV88n9XvagBP1q0FAsyt_lCs7Zr3C4wMSYsZoFke8Zt8a-jJhO2fYLN743yWhKXahPMzSjhz4e_9-UFr6ZUs5v0BTugmun9jv2bvNQqYv2F-Hx96Inn2SedAoG0uPEhVVEszI9OxKBgLJwY4QBpNgi90oUGP0qAGQzr4GppYGUPrBZtBkhK-KCHic3zHVQ7M5FzlzjjwffeHLx4uk9ylqC3h2qzYW1F_BSvA9gUL4ApR7lMmAcm8I2_rmHGxVDKcKS1fhFBApJd-lXvARzH8DxwKg9fVAIxStPE4y2_5KeHHmm7tgsTwjyAc_6qqChpQnTyaJ3oaKVjAZWjbW0LyzbrwkErSoI3cP6lzWP3IjPHSuNEUFVxP_Mxu9vGANSvsTCE-2ffZbXnUBn_PkhWnjOtgjANCPO9E8ElSgwELkDBmNBgc0_JMfoJ6Tzv0HMVd-nlBRgTpHofvJcdUMC7YC4nZDK0LLs0Vs7fcQemHg_snp91fb_5Fkt5e7-k_KzEfIR4SpPsLmU2OgvOO_fW6nDQsE0K_ISbZPuX6GnTqYbMArCMl1gmgPcClu_TtrdUWRUkthxD1jyn6AHxWzXy-RzNlSldPJMxHwJCSn0mcx7AsDAL0DfZxunmUm5rlERrLz0aWD_Twpk7Uk6kd1qQH8FFOZH6yXVEozxjj60qlFrs66F0GmOhv6asaOS-A0xe3ZADqFm_dU2SF62_LhUQexcCzIduJM7XxNMTH9FFRq0znOoVDrBGMioJ9A%3D%26xkcb%3DSoC96_M3FlqcnFyncp0MbzkdCdPP%26p%3D7%26atk%3D1hl5h4q3di9am800%26prforceGroups%3D%26from%3Dserp&mclk=jk%3Dfbfb6c129beb002a%26rd%3DVwIPTVJ1cTn5AN7Q-tSqGRXGNe2wB2UYx73qSczFnGU%26what%3Ddata+engineer%26mobtk%3D1hl5h4q3ci9am801%26atk%3D1hl5h4q3di9am800%26spon%3D1%26where%3DParis+%2875%29%26jt%3D%26dupclk%3D0%26radius%3D25%26explvl%3D,TotalEnergies,Courbevoie (92),3.9,"1,624",,,,,"Courte durée jusqu'à 6 mois
Temps plein
Stage","
 
  
   
    
     
      
       
        
         
          Pays 
         
         France 
        
        
         
          Lieu de travail 
         
         COURBEVOIE(PLD)-COUPOLE(FRA) 
        
        
         
          Domaine 
         
         Stratégie Economie Business 
        
        
         
          Lieu 
         
         92 - Hauts-de-Seine 
        
        
         
          Type d'emploi 
         
         Stage conventionné 
        
        
         
          Durée du contrat
           6 Mois 
         
        
        
         
          Expérience 
         
         Moins de 3 ans 
        
       
      
     
    
   
   
    
     
      
       
        
         
          Profil du candidat
          
        
       
      
      
       
        
         
          
           Actuellement étudiant(e) en dernière année d'école d'ingénieurs ou université, vous êtes à la recherche d'un stage conventionné de fin d'études d'une durée de 6 mois à temps plein pour valider votre formation.
          
          
            
            Compétences
            :
            
           
             Economies d'énergie 
           
           
            Capacité d'analyse 
           
           
            Compétences analytiques
           
           
           
             Microsoft Excel avancé (Power Query)
           
           
             Python 
           
           
            SQL 
           
           
            Git (Github)
           
           
           
             Anglais courant
           
            
            Savoir-être
            :
            
           
             Engagement
           
           
             Bon relationnel
           
           
             Sérieux
           
           
         
        
       
      
     
     
      
       
        
         
          Activités
          
        
       
      
      
       
        
         
          L'une des principales missions de ce stage est de rechercher une nouvelle base de données pour la production d'électricité et d'hydrogène, de traiter et structurer les données afin qu'elles puissent être utilisées pour les applications LCOE et LCOH. En outre, assister au codage python qui sert à calculer l'aspect technico-économique du LCOE/LCOH.
           Plus précisément:
          
           Gérer de manière autonome les nouvelles fonctionnalités qui doivent être ajoutées au code techno-économique du LCOE/LCOH.
           Contribuer au codage de nouvelles fonctionnalités pour l'application LCOE, tout en étant autonome. 
           Collecter, traiter et structurer les nouvelles bases de données LCOE et LCOH fournies par des consultants externes (en utilisant Excel Power Query), afin de mettre à jour le modèle économique Excel et l'application. 
           Créer des diagrammes de flux pour simplifier les calculs utilisés dans le modèle économique LCOH. 
           Documenter les workflows des applis pour une passation à l'équipe TMA.
           
         
        
       
      
     
     
      
       
        
         
          Contexte et environnement
          
        
       
      
      
       
        
         
          
           Pour contribuer aux ambitions de la compagnie TotalEnergies à s'inscrire dans la transition énergétique et les énergies renouvelables (35 GW de l'énergie renouvelable d'ici 2025 et 100GW en 2030), la branche Gas, Renewables & Power (GRP) porte l'ambition du Groupe dans les activités à faible émission de carbone par le développement du gaz et des énergies renouvelables, ainsi que dans l'efficacité énergétique.
          
         
        
       
      
     
    
   
  
  
  
   
    
      
    
   
  
 
 
  
   
    
     
      
       
        
         
          TotalEnergies est une compagnie multi-énergies mondiale de production et de fourniture d’énergies : pétrole et biocarburants, gaz naturel et gaz verts, renouvelables et électricité. Ses 105 000 collaborateurs s'engagent pour une énergie toujours plus abordable, propre, fiable et accessible au plus grand nombre. Présent dans plus de 130 pays, TotalEnergies inscrit le développement durable dans toutes ses dimensions au cœur de ses projets et opérations pour contribuer au bien-être des populations.
         
        
       
      
     
    
   
  
 

",,2024-01-04T18:38:50Z,,"['Python', 'R', 'SQL', 'Excel', 'SQL', 'Git']",industrie-chimique,4,TotalEnergies,75.0,87,62.4,76.2,86.3
FR,data engineer,Paris (75),DATA ENGINEER H/F,https://fr.indeed.com/rc/clk?bb=saEPncwOcnUwygaUZyTKwZPp5-AcfNpb-43zybZLIMYTGGcxDG3Fb5mnavoDMxPZxhkGUR967VrXOOeSZoG6ezhyTZvqcxrjCNOb3wM6sO3h2di5E0994qRinlAsidSsRaxNoEPKvMcLETfyyxnaWw==&jk=dc3701d342062030&mtk=1hl5hfe502bjm001&from=serp&xkcb=SoDz67M3FlqyEfgCgb0JbzkdCdPP,TotalEnergies,Paris (75),3.9,"1,624",,,,,CDI,"
 
  
   
    
     
      
       
        
         
          Pays 
         
         France 
        
        
         
          Lieu de travail 
         
         PARIS-RUE DES JEÛNEURS(FRA) 
        
        
         
          Domaine 
         
         Systèmes d'Information 
        
        
         
          Lieu 
         
         75 - Paris 
        
        
         
          Type d'emploi 
         
         CDI 
        
        
         
          Expérience 
         
         Minimum 3 ans 
        
       
      
     
    
   
   
    
     
      
       
        
         
          Profil du candidat
          
        
       
      
      
       
        
         
          
           Tu as une expérience d’au moins 4 ans en data engineering, tu es diplômé d’un master ou d’une école d’ingénieur spécialisée en informatique ou mathématiques.
            Les compétences qui sont attendues de toi en tant que Data Engineer : 
           
            La maitrise de Python, Spark et SQL.
             Une bonne connaissance sur les bases de données relationnelles et non relationnelles.
             La capacité à concevoir et à mettre en œuvre des solutions de chargement, de manipulation, de traitement, d'analyse et d'exploration de données à grande échelle.
             Une bonne compréhension du machine learning.
            Une première expérience sur un provider de Cloud, AWS de préférence.
           
         
        
       
      
     
     
      
       
        
         
          Activités
          
        
       
      
      
       
        
         
          
           En tant Data Engineer, nous attendons techniquement de toi que tu :
           
             Conçoives, construises et intègres des données au sein de la Squad et en collaboration avec les autres Squads.
             Assures le stockage, la consommation, l’intégration et la gestion des données des cas d’utilisation. 
            Fasses l’analyse de l’analyse de l’accessibilité des données et que tu recommandes des solutions pour leur intégration. 
            Coordonnes la mise en place, l’industrialisation et la maintenance de l’architecture data : infrastructure, cloud, flux de données. Tu intègres également les données dans le data lake.
             Collabores avec les data scientists pour la réalisation des modèles de prédiction. 
            Produises un code de qualité, mettes en place des tests automatisés et systématiques pour le contrôler. 
            Interagisses avec les architectes et les autres Data Engineers pour s’assurer de l’efficacité des solutions et apporter des préconisations techniques. 
           
           En parallèle, tu auras également des missions transverse. Pour ce faire, nous attendons de toi que tu : 
           
             Assures la veille technologique sur les architectures data et les nouvelles technologies. 
           Coaches et accompagnes la communauté des Data Engineers de la Digital Factory en participant au Communities of Practice (CoP) par exemple. 
            
          
         
        
       
      
     
     
      
       
        
         
          Contexte et environnement
          
        
       
      
      
       
        
         
          
           Rejoins-nous en plein cœur de Paris en tant que Data Engineer et intègre une de nos 30 squads qui réunit 8 à 10 personnes (data scientist, data engineer, software engineers…). Chacune des squads est dédiée à un projet métier et intervient dans la production des Minimum Viable Products (MVPs). Tu évolueras dans un contexte agile (scrum/scrumban), en mode itératif et co-constructif, en t’appuyant sur l’intelligence collective.
           
             En tant que Data Engineer, tu garantis la qualité des pipelines data du produit, tu assures le développement des programmes pour collecter, préparer, transformer et diffuser les données.
           
          
         
        
       
      
     
    
   
  
  
  
   
    
      
    
   
  
 
 
  
   
    
     
      
       
        
         
          TotalEnergies est une compagnie multi-énergies mondiale de production et de fourniture d'énergies : pétrole et biocarburants, gaz naturel et gaz verts, renouvelables et électricité.
           La Digital Factory de TotalEnergies est composée de 300 personnes, 30 Squads, 39% de femmes et 25 nationalités.
           Elle offre un environnement de travail international et interculturel en plein cœur de Paris, engagé dans la diversité et l'inclusion.
           Elle permet d'accélérer la production interne de solutions digitales pour les activités de la Compagnie dans les 130 pays où elle est présente.
           Pour ce faire :
          
            Elle allie l'agilité et l'esprit pionnier d'une entreprise technologique à la robustesse et à la rigueur d'une entité de production à grande échelle.
           Elle crée et déploie des solutions digitales sur l'ensemble des sites de la compagnie TotalEnergies afin de fournir une énergie propre, fiable et abordable au plus grand nombre.
         
         
         
           Ce que nous t'offrons:
           
          
            Le développement de tes compétences avec le support de la Digital Academy et une enveloppe équivalente à 10 jours de formations par an que tu peux choisir en toute autonomie (formations externes et internes).
            La possibilité de te certifier sur les plateformes AWS et Azure, Databricks,…. 
           Un programme de mentorat pour t’accompagner.
            Un équilibre vie professionnelle et vie personnelle avec le recours possible aux horaires flexibles et au télétravail à domicile.
           Un environnement de travail international et interculturel en plein cœur de Paris, engagé dans la diversité et l’inclusion.
         
        
       
      
     
    
   
  
 

",,2023-12-08T18:39:35Z,,"['Python', 'R', 'SQL', 'AWS', 'AZURE', 'Databricks', 'Spark', 'SQL', 'Git']",industrie-chimique,4,TotalEnergies,75.0,87,62.4,76.2,86.3
FR,data engineer,Paris (75),Stagiaire Data Engineer (H/F) - Boulogne (France),https://fr.indeed.com/rc/clk?bb=gfz4j_tgUgQMKhWCflkYfZuF1HG4LLYiGu55fwMds58gb8yGXdy0Ah82exPWNxxw1v76fWe9YEVVm3l8ijXoVzJOykE83LjXBuOAJnJfLCSMyyB8tQxQxgLInzd9d7xt8cCyFyw-lKGqjyDz7mVDMA==&jk=1293c0878e1763ee&prevUrl=https%3A%2F%2Ffr.indeed.com%2Fm%2Fjobs%3Fq%3Ddata%2Bengineer%26l%3DParis%2B%252875%2529%26from%3DsearchOnSerp%26sameQ%3D1&mtk=1hl5h4q3ci9am801&from=serp&xkcb=SoA967M3FlqckiwHEZ0ObzkdCdPP,Cegedim,92100 Boulogne-Billancourt,3,252,,,,,Stage,"A propos de Cegedim :
 Fondée en 1969, Cegedim est une entreprise innovante de technologies et de services spécialisée dans la gestion des flux numériques de l’écosystème santé et BtoB, ainsi que dans la conception de logiciels métier destinés aux professionnels de santé et de l’assurance. Cegedim compte plus de 6 000 collaborateurs dans plus de 10 pays et a réalisé un chiffre d’affaires de près de 555 millions d’euros en 2022. 

 
Cegedim SA est cotée en bourse à Paris (EURONEXT : CGM). 

 
Pour en savoir plus : www.cegedim.fr 

 
Et suivez Cegedim sur Twitter : @CegedimGroup, LinkedIn et Facebook. 

 
Entité :
 Clinityx est un bureau d’études faisant partie du groupe Cegedim, qui réalise des études épidémiologiques à partir de données de santé issues de registres ou du système national de données de santé, pour le compte des laboratoires pharmaceutiques ou des sociétés savantes. 

 Les équipes de Clinityx sont constituées de data scientists, développeurs et épidémiologistes. 

 
Missions :
 
Le stagiaire data engineer :
 \- Sera accompagné d’un data engineer expérimenté 

 \- Participera à la conception et à l'implémentation de pipelines de données 

 \- Assurera le développement, l’intégration, la qualité et la disponibilité de ces pipelines 

 \- Travaillera en étroite collaboration avec les équipes de data science pour comprendre et répondre à leurs besoins en matière de données 

 Être étudiant en informatique, en ingénierie des données ou dans un domaine connexe 

 Avoir une connaissance de base des langages de programmation, comme Scala (ou Java) ou Python 

 Avoir une compréhension des technologies de big data, notamment Spark",,2024-01-17T11:56:12Z,,"['Python', 'R', 'Spark', 'Scala', 'Java', 'java']",it-informatique-et-telecommunications,20,Cegedim,62.6,231,43.8,68.9,75.0
FR,data engineer,Paris (75),GDO - STAGE - SERVICE TEAM ENGINEER - DATA INITIATIVES - H/F,https://fr.indeed.com/rc/clk?bb=1z5y3dsuf83_HjagxrjCHqjVZ-HdWs_5Bl79ZQJ_ymMaPN333iDZe99alJOsOCg98L5JvPN0MdtlRgBhuonVhi9zKqbuvPPf9sFrGaHnp4SyRYsA0Pl3XyDFoPv5yrLq-jk26fHN3CsA6xwcL2SH9Q==&jk=ff31e3b766ffa15c&mtk=1hl5hc7ahj9gt801&from=serp&xkcb=SoAt67M3Flq_KQRGtB0PbzkdCdPP,Air Liquide,75007 Paris,3.7,"2,049",,,,,Temps plein,"
 
  
   
    Entity description: 
    
    At Digital & IT, we harness the power of the latest technological advances and our history of industrial excellence to foster innovation and enable Air Liquide’s talents to thrive. 
   
  
 
 
  
 How will you CONTRIBUTE and GROW at Air Liquide? 
 
  Le ou la stagiaire sera intégré(e) à l’équipe User Service Team. Cette équipe a pour mission d’assurer l’adoption et le bon accompagnement des Data analysts et scientists sur leurs outils de travail internes. Cette mission intervient dans le cadre du programme AI Readiness qui vise à déployer les compétences et les outils d’IA au sein du groupe Air Liquide.
  
 
  
 Les principales missions du stage sont : 
  Monitoring de l’adoption et de l’usage des produits Data 
 
  Récupération des indicateurs clés et développement de rapports de data visualisation pour le reporting aux parties prenantes pour présenter : fréquence d’usage des outils, typologie des jeux de données utilisées, mesure de la satisfaction utilisateurs, entre autres. 
 
 
 Accompagnement des data analysts et scientists sur les produits Data 
 
  Aide au déploiement des cohortes AI Readiness : collaboration avec les équipes du programme AI Readiness pour le bon déroulé de l’upskilling (gestion des échéances projet, créations des espaces de travail pour les initiatives, identification et rédaction des “success stories” AI Readiness). 
  Assister les utilisateurs dans leur prise en main et usage des produits et répondre à leurs sollicitations. 
  Faire le lien entre les différentes équipes produits GDO pour assurer une prise en compte cohérente des retours utilisateurs (rédaction et suivi des user stories et release notes par exemple). 
  Animer la communauté des utilisateurs du produit Data Studio. 
 
 
 Le programme AI Readiness a pour objectif de faire monter les utilisateurs data du groupe Air Liquide en compétences Data & IA d’ici à 2025. Ce programme inclut des initiatives permettant de rendre nos données plus accessibles et fiables à un nombre grandissant de Data Scientists au sein du Groupe afin de permettre aux Opérations de prendre les meilleures décisions, de créer des produits porteurs d’avantage compétitif, tout en tenant compte des enjeux de développement durable (optimisation, performance énergétique, stockage de l’énergie via le développement de la filière hydrogène, …).  Dans ce cadre, Air Liquide a développé des plateformes de mise à disposition des données des différents Data Lakes, permettant aux consommateurs d’utiliser cette donnée aux travers de notebooks en Python ou SQL worksheets. 
 
 Le mot du manager : 
 
 ""Rejoindre la User Service Team c’est intégrer une équipe dévouée à faire d’Air Liquide une entreprise de pointe dans la data, dans un environnement multidisciplinaire et accueillant !""  
 Quel est le rôle du département Global Data Operations (GDO) au sein d’Air Liquide ? 
  Global Data Operations (GDO) met en œuvre, exploite des plateformes de données et fournit des services dans le monde entier, afin de soutenir les programmes Data & IA dans l'ensemble du Groupe. 
 Nos principales missions : 
 
  Nous soutenons le déploiement mondial des plateformes de données, tout en innovant en permanence. 
  Nous avons la responsabilité de la gouvernance, de la stratégie d'exploitation des données et du développement de l’intelligence artificielle pour le Groupe. 
  Nous permettons l'accélération, la réplication et l'industrialisation des projets et programmes de données (Business Intelligence, Data Lake, Data Science, API...). 
  Nous consolidons et développons les compétences en matière de données. 
 
 La Digital Factory, c’est aussi profiter d’un cadre de travail stimulant au cœur de l’effervescence parisienne du 11e arrondissement ; et travailler dans des bureaux ergonomiques favorisant l’innovation et les échanges entre les différentes équipes. 
 
  
 Are you a MATCH? 
 
  
 
  Formation Bac +3 ou 4 en informatique / data, ou vous préparez votre master dans le domaine. 
  Vous maîtrisez l'anglais, aussi bien à l'écrit qu'à l'oral. 
  Vous êtes curieux(se) de découvrir les enjeux de la gestion de la donnée et l’intelligence artificielle dans un groupe international de la taille d’Air Liquide 
  Doté(e) d'une aisance relationnelle 
  Vous aimez travailler en collectif et avez le sens du service, 
 
 Références attendues : 
 
  CV, lettre de motivation 
  Disponibilité : stage de 4 à 6 mois 
 
 
 Notre processus de recrutement : 
 Vous serez tout d’abord contacté par le Manager de ce poste puis la ou le Responsable RH de cette équipe. Rejoindre nos équipes, c’est aussi… 
  
   Intégrer un Groupe qui place les enjeux sociétaux, économiques et environnementaux au cœur de sa stratégie. 
   Évoluer et se développer au sein du Groupe grâce à une politique de mobilité interne importante et une politique de formation en continu. 
   Rejoindre un environnement inclusif (un accord Handicap, une politique parentalité avantageuse). 
   Si vous souhaitez évoluer au sein d’un environnement stimulant, authentique et international, postulez !   Our Differences make our Performance  At Air Liquide, we are committed to build a diverse and inclusive workplace that embraces the diversity of our employees, our customers, patients, community stakeholders and cultures across the world.   We welcome and consider applications from all qualified applicants, regardless of their background. We strongly believe a diverse organization opens up opportunities for people to express their talent, both individually and collectively and it helps foster our ability to innovate by living our fundamentals, acting for our success and creating an engaging environment in a changing world.
",,2024-01-24T22:30:58Z,,"['Python', 'R', 'SQL', 'Excel', 'SQL', 'Git']",industrie-chimique,1,Air Liquide,82.5,15,74.4,83.4,89.7
FR,data engineer,Paris (75),Data Management Engineer F/H,https://fr.indeed.com/rc/clk?bb=saEPncwOcnUwygaUZyTKwak_lvFbdAcqVDtOwUgEOtyHyNV_lFF7wIehMDzqfd9rNjaG8nq9nbdd0_Ps0yJiJsq1KZqkyhLrWlKH1T6C0LRYXuObFVsLz3zg1kXDQymKbU7c5t0I-0nOlzCyKPu63Q==&jk=81bff2122a8480c1&mtk=1hl5hfe502bjm001&from=serp&xkcb=SoCl67M3FlqyEfACgb0NbzkdCdPP,BNP Paribas,Pantin (93),3.9,"4,721",,,,,"CDI
Temps plein","
 
 
   
 
 


 
  
   
    
     
      LIEU PRINCIPAL
       FR-Île-de-France-PANTIN 
     
    
    
     
      TYPE D'EMPLOI
       CDI 
     
    
    
     
      DOMAINE D'ACTIVITÉ
       GESTION DE PROJET ET TRANSFORMATION 
     
    
    
     
      NIVEAU D'ÉTUDES
       Master ou équivalent (> 4 ans) 
     
    
    
     
      NIVEAU D'EXPÉRIENCE
       Au moins 3 ans 
     
    
    
     
      HORAIRES
       Temps plein 
     
    
    
     
      RÉFÉRENCE
       !I_CIB_2S_1242 
     
    
   
   
    
     
      APPLY
     
      
     
      (REF: !I_CIB_2S_1242)
     
      
     
      (OPENS IN A NEW TAB)
     
    
   
  
 
",,2024-01-17T19:23:48Z,,['R'],banques-et-services-financiers,1,BNP Paribas,84.3,7,88.3,81.5,83.1
FR,data engineer,Paris (75),Machine Learning Engineer H/F,https://fr.indeed.com/rc/clk?bb=saEPncwOcnUwygaUZyTKwQoLXVaTjJHNsdoKBymSR9mt1076sg2Mulo7mpeyMXnixcRWOcd0y6AiMj4L5gwTF-nXgGMGxuTRMspsHT0OsvFnRLiiVD-GrOLBeQdOqJveFXLExn6gaK-tHb8QnyLehQ==&jk=28f03aa4d366ca7e&mtk=1hl5hfe502bjm001&from=serp&xkcb=SoDa67M3FlqyEfgCgb0LbzkdCdPP,BNP Paribas,Télétravail hybride à Montreuil (93),3.9,"4,721",,,,,"CDI
Temps plein","
 Machine Learning Engineer H/F 
  La Banque Commerciale en France relève les défis de la transformation numérique et digitale, et a lancé depuis plusieurs années des initiatives autour de la DATA et de l'IA Intelligence Artificielle. Forte de ces expériences réussies, elle lance un programme d’accélération avec de nouveaux sujets innovants autour de l'intelligence artificielle. 
 Vous rejoindrez le pôle Intelligence Artificielle situé dans notre Campus de Montreuil facile d’accès par le RER A (Vincennes) ou le métro (ligne 1 Saint mandé Tourelle, ligne 9 Porte de Montreuil) ou le tram (3b porte de Montreuil). Vous travaillerez dans un environnement de travail décontracté et stimulant, au sein d’équipes pluri disciplinaires et ce dans un climat d'innovation et de partage dans un fonctionnement Agile. Vous aurez l’opportunité de travailler avec des personnes de très haut niveau dans le domaine. 
 CONCRÈTEMENT VOTRE QUOTIDIEN ? 
  Au cœur du développement et des déploiements industriels des cas d’usages d’Intelligence Artificielle, vos principales missions seront de : 
 
  Travailler avec les Data Scientists pour définir et contribuer au développement de la solution cible en tenant compte des contraintes de production. 
 
 
  Participer au choix de l'infrastructure de fonctionnement et le modèle de service appropriés (i. e. système d'ingestion de données, synchronisme API, …) pour répondre aux besoins opérationnels (réponses en temps réel, volumétrie de traitement, …)
  
 
  Contribuer à l'automatisation des différents éléments du pipeline ML afin de les intégrer et de les déployer dans l'environnement de production (i. e. construire des images Docker/VM, préparer des tests unitaires, de régression et d’intégration, …) 
 
 
  S'assurer que le modèle fonctionne sans erreurs, qu'il est réentraîné si besoin et qu'il fait l'objet d'un monitoring tant du point de vue informatique que du point de vue métier. 
 
 
  Être garant de la qualité du code/pipeline IA développé par le Data Scientist et des déploiements dans les Solutions industrielles. 
 
 
  Soutenir les Data Scientists sur l'utilisation des solutions industrielles existantes disponibles pour construire et surveiller les services d'IA (outils CI/CD, monitoring fonctionnel) 
 
 
  Collaborer avec les équipes informatiques sur le paramétrage et les déploiements dans l'environnement cible
  
 
  Maîtrise des principes de Feedback Loop et des méthodes IA (machine/Deep Learning)
 
  ET APRÈS ? 
  Les métiers de la data/IA et de l’informatique offrent de nombreuses opportunités au sein du Groupe, dans toutes les activités de la banque, partout dans le monde… Les passerelles sont multiples ! 
 BNP Paribas, c’est plus de 300 métiers et une vaste offre de formation pour vous permettre de monter en compétences et d’évoluer tout au long de votre parcours professionnel. 
 Les avantages à nous rejoindre? 
 
   Un package rémunération et des avantages :
   
  
   Un fixe annuel brut et un variable individuel (défini en fonction de votre performance et de celle de votre équipe).
  
  
 
  Plan épargne entreprise/retraite, intéressement et participation, couverture santé et prévoyance, activités sociales et culturelles via le comité d’entreprise, 
 
 
  De la flexibilité avec un rythme de travail hybride: jusqu’à 2,5 jours de télétravail par semaine à définir avec votre manager.
 
 
   Rejoignez un Groupe engagé et prenez part à notre grand projet de transformation vers la construction d’un monde plus durable. Découvrez nos engagements
  
    (Opens in a new tab)
   pour notre clientèle et la société.
   Engagez-vous à nos côtés sur votre temps professionnel, à travers notre programme OneMillionHoursToHelp.
  
 Avez-vous le profil ? 
  Vous êtes titulaire d’un Bac + 5 avec une spécialisation Informatique / Intelligence Artificielle et avez au moins 3 ans d’expérience dans un poste de Machine Learning Engineer. 
  Vous avez une excellente maîtrise de Python, une bonne maîtrise de Spark et de SQL. 
  Vous maîtrisez l'utilisation et la gestion des plateformes d'IA basées sur la conteneurisation. Les outils CI/CD n’ont aucun secret pour vous, ainsi que les principes et méthodologies de qualité continue de code (de type SonarQube). 
  Vous avez l’esprit collaboratif et vous savez communiquer. Orienté résultats, votre capacité d’analyse et capacité à résoudre des problèmes font partie de vos atouts. Votre niveau d’anglais est opérationnel. 
 Les prochaines étapes / Les étapes du recrutement 
 Si votre CV est retenu par notre équipe de recrutement, vous serez amené à passer un à trois entretiens au maximum avec des RH et/ou manager opérationnel. Ces étapes peuvent varier légèrement en fonction des postes. 
  Si vous êtes dans une situation de handicap et souhaitez un échange facilité, vous pouvez envoyer votre CV et lettre de motivation à missionhandicap@bnpparibas.com. 
  Dans un monde qui change, la diversité, l’équité et l’inclusion sont des valeurs clés pour le bien-être et la performance des équipes. Chez BNP Paribas, nous souhaitons accueillir et retenir tous les talents sans distinction : c’est ainsi que nous construirons, ensemble, la finance de demain, innovante, responsable et durable 
  Enfin, nous attachons une importance particulière à ce que nos futurs collaborateurs et collaboratrices agissent au quotidien avec responsabilité éthique et professionnelle. À tout moment pendant le processus de recrutement, les informations figurant sur votre CV, vos données d’identification et vos antécédents pourront être vérifiés.
 


 
  
   
    
     
      LIEU PRINCIPAL
       FR-Île-de-France-MONTREUIL 
     
    
    
     
      TYPE D'EMPLOI
       CDI 
     
    
    
     
      DOMAINE D'ACTIVITÉ
       DATA 
     
    
    
     
      NIVEAU D'ÉTUDES
       Master ou équivalent (> 4 ans) 
     
    
    
     
      NIVEAU D'EXPÉRIENCE
       Au moins 3 ans 
     
    
    
     
      HORAIRES
       Temps plein 
     
    
    
     
      RÉFÉRENCE
       !I_BCEFIT_2DAI_0583 
     
    
   
   
    
     
      APPLY
     
      
     
      (REF: !I_BCEFIT_2DAI_0583)
     
      
     
      (OPENS IN A NEW TAB)
     
    
   
  
 
",missionhandicap@bnpparibas.com,2024-01-24T19:22:47Z,,"['Python', 'R', 'SQL', 'Excel', 'Spark', 'SQL', 'Git', 'Docker']",banques-et-services-financiers,1,BNP Paribas,84.3,7,88.3,81.5,83.1
FR,data engineer,Paris (75),STAGE Machine Learning Engineer – Monitoring et Intégration LLM en production,https://fr.indeed.com/rc/clk?bb=saEPncwOcnUwygaUZyTKwZ7FDYZnYyecNWVblYpK4HkWARPoEesUL9YsJnEZmeXNt0joI4Is4npAK_r8FFSUSgf3EZCATHH0K6tZ6eUpofyXWijsoluPpfBl2DMvrCbbIkfvXZ3IwBjqJNDpbDWCKQ==&jk=0b53bfc7f4454ccb&mtk=1hl5hfe502bjm001&from=serp&xkcb=SoCH67M3FlqyEfgCgb0FbzkdCdPP,Stellantis,78300 Poissy,3.9,"9,194",,,,,Stage,"Job ID: 2023-14192 

Career Area: ICT, Digital & Data 

 
Job Category:
 
Location: USINE POISSY, 
, FR 

Date Posted: October 19, 2023 

 Job Overview 
Qualifications 
Stellantis possède une entité Data Science transverse qui est support de tous les sujets Machine Learning, en particulier des sujets NLP & Time Series. Nous cherchons à renforcer notre équipe en accueillant un stagiaire talentueux en tant que Machine Learning Engineer pour nous aider à monitorer nos algorithmes LLM et les intégrer dans une infrastructure MLflow sur la plateforme Databricks. Si le stagiaire avance bien, nous pourrons analyser comment déployer de façon général ces modèles (type transformers) sur des dispositifs Edge (IoT). L’aspect temps réel (en termes de déploiement, et de réentrainement) peut être un challenge sur la partie Time Series. Mission Principale : •Collaborer avec notre équipe de recherche et développement pour monitorer en continu les performances de nos modèles LLM. •Développer des outils de surveillance et de reporting pour identifier les dégradations potentielles des performances des modèles. •Proposer et mettre en œuvre des solutions pour améliorer les performances et la stabilité des modèles LLM. •Travailler sur l’intégration de ces modèles dans une API basée sur MLflow avec Databricks. •Proposer des méthodes de déploiement dans du Edge Responsabilités : •Analyser et comprendre les besoins de monitoring des modèles LLM. •Concevoir des métriques et des indicateurs de performance pertinents. •Développer des scripts et des outils automatisés pour la surveillance en temps réel. •Collaborer avec l’équipe de développement pour l’intégration de ces modèles dans MLflow et Databricks. •Documenter les processus de surveillance et d’intégration. Ce que nous offrons: •Une opportunité passionnante de travailler avec une équipe de pointe dans le domaine de l’IA. •L’accès à des ressources et des données de pointe pour mener à bien votre mission. •La possibilité d’apprendre et de grandir dans un environnement dynamique. •Un environnement de travail convivial et collaboratif. Si vous êtes passionné par l’IA, l’apprentissage automatique et les défis liés à la surveillance et à l’intégration des modèles LLM, nous serions ravis de vous avoir dans notre équipe. 

 EOE/Disability/Veteran 

 Our benefits reflects the STELLANTIS commitment to helping you reach your personal and professional goals. In addition to an environment that promotes career development, we offer benefits for a healthy lifestyle and a rewarding future, designed to take care of you and your family, in various stages of life. 

 As a global company, our employee packages will vary by country, customary norms and the legal entity into which you are hired.",,2023-10-19T11:48:12Z,,"['R', 'Databricks', 'Git', 'NLP', 'LLM', 'Transformers', 'MLflow']",automobile,3,Stellantis,81.1,23,78.9,84.6,79.9
DE,Data Scientist,Berlin,Machine Learning Scientist (m/w/d),https://de.indeed.com/viewjob?jk=69d86c9f78e84e30,Bayer,Berlin,4.1,"6,031",,,,,"Englisch
Python","
 Bei Bayer sind wir Visionär*innen und entschlossen, die größten Herausforderungen unseres Planeten zu überwinden und zu einer Welt beizutragen, in der genug Nahrung und ausreichende medizinische Versorgung für alle Menschen keine unerreichbaren Ziele mehr darstellen. Wir tun dies mit Energie, Neugier und purer Hingabe, lernen stets von den Menschen um uns herum, erweitern unsere Denkweise, verbessern unsere Fähigkeiten und definieren das „Unmögliche“ neu. Es gibt viele Gründe, sich uns anzuschließen: Wenn Sie nach einer abwechslungsreichen und bedeutungsvollen beruflichen Zukunft streben, in der Sie gemeinsam mit anderen brillanten Köpfen wirklich etwas bewegen können, möchten wir Sie in unserem Team haben. 
 Machine Learning Scientist (m/w/d) 
  // Wer wir sind
  
  
 Um einige der dringlichsten Gesundheits- und Nachhaltigkeitsbedürfnisse unserer Zeit zu erfüllen, setzen wir bei Bayer die modernsten Technologien ein, um die Entdeckung neuer Medikamente zu beschleunigen. Unsere talentierte, junge und internationale Forschungsgruppe für maschinelles Lernen sucht eine/n leidenschaftliche/n Forscher/in zur Verstärkung unseres Teams. Gemeinsam werden wir innovative Lösungen für maschinelles Lernen entwickeln, um Daten von kleinen Molekülen zu analysieren, mit dem ultimativen Ziel, die Entdeckung neuer Medikamente zu beschleunigen.
  
  
 // Ihre Aufgaben und Verantwortlichkeiten
  
  
 
  Sie entwickeln und evaluieren modernste Algorithmen des maschinellen Lernens für die Vorhersage der Toxizität kleiner Moleküle 
  Sie entwickeln neue Methoden für die In-silico-Risikobewertung von Leber-, Nieren- und Neuroentwicklungstoxizität 
  Sie tragen zu den Aktivitäten des OnTox-Projekts (https://ontox-project.eu) bei und sind ein aktives Mitglied des Konsortiums 
  Sie halten sich über die neuesten Fortschritte bei Algorithmen des maschinellen Lernens für die Vorhersage und das Design von Eigenschaften kleiner Moleküle auf dem Laufenden 
  Sie beteiligen sich an der breiteren wissenschaftlichen Gemeinschaft durch Veröffentlichungen, Open-Source-Projekte und Konferenzpräsentationen
 
  
  
 // Wer Sie sind
  
  
 
  Sie haben einen Doktortitel in Cheminformatik, Bioinformatik oder einem verwandten Fachgebiet an der Schnittstelle von Biowissenschaften und Statistik/Informatik 
  Erfahrung in der Entwicklung und Bewertung von maschinellen Lern- oder Berechnungsmethoden für Chemie/Biochemie 
  Sie verfügen über fundierte Kenntnisse in Biologie und Chemie, idealerweise einschließlich Biochemie, Pharmakologie und Toxikologie 
  Ausgezeichnete Programmierkenntnisse in Python 
  Sie haben Erfahrung mit Data-Science- und Chemoinformatik-Bibliotheken, wie z. B. Pandas, Scikit-Learn, Matplotlib, RDKit, OEChem. 
  Wissenschaftliche Veröffentlichungen in Chemie-, Biologie- oder Informatik-Fachzeitschriften 
  Ausgezeichnete schriftliche und mündliche Kommunikation in Englisch 
  
 IHRE BEWERBUNG 
 Dies ist Ihre Chance, sich mit uns gemeinsam den größten globalen Herausforderungen unserer Zeit zu stellen: die Gesundheit der Menschen zu erhalten, die wachsende Weltbevölkerung zu ernähren und den Klimawandel zu verlangsamen. Sie haben eine Stimme, Ideen und Perspektiven, die wir hören möchten. Denn unser Erfolg beginnt mit Ihnen. Seien Sie dabei! 
 Bayer begrüßt Bewerbungen aller Menschen ungeachtet von ethnischer Herkunft, nationaler Herkunft, Geschlecht, Alter, körperlichen Merkmalen, sozialer Herkunft, Behinderung, Mitgliedschaft in einer Gewerkschaft, Religion, Familienstand, Schwangerschaft, sexueller Orientierung, Geschlechtsidentität oder einem anderen sachfremden Kriterium nach geltendem Recht. Wir bekennen uns zu dem Grundsatz, alle Bewerber*innen fair zu behandeln und Benachteiligungen zu vermeiden. 
 Standort: Deutschland : Berlin : Berlin || Deutschland : Nordrhein-Westfalen : Leverkusen 
 Division: Pharmaceuticals 
 Referenzcode: 810090

",,2024-01-18T10:30:40Z,,"['Python', 'R', 'scikit-learn', 'Matplotlib', 'Pandas', 'SciKit-Learn']",industrie-chimique,3,Bayer,75.2,84,67.1,74.9,83.6
CA,data scientist,"Ottawa, ON",Responsible AI - Advisor - Specialist,https://ca.indeed.com/rc/clk?bb=ilnnNVGxgU85t_UjwTB0ewqLb7Gn8zpRQ-MYysVuVYC9fyJ1ibBbudq0pcKhxB0RHOpBHhCGTB9Dnd5rrNsMCW6yqq2DweLzP5kzpjkSZc0sdoGdu2GmH2HrCbW4s-CyBdslSDwCL_II4BU6URVPOw==&jk=0a956cdf69896bd1&mtk=1hl5k5jjajjii803&from=serp&xkcb=SoCl67M3FlgZrPRyk50DbzkdCdPP,Accenture,"Hybrid remote in Ottawa, ON",4.0,"25,560",,,,,Full-time,"
 Accenture is a leading global professional services company that helps the world’s leading businesses, governments and other organizations build their digital core, optimize their operations, accelerate revenue growth and enhance citizen services—creating tangible value at speed and scale. We are a talent and innovation led company with 738,000 people serving clients in more than 120 countries. We combine our strength in technology with unmatched industry experience, functional expertise and global delivery capability. We are uniquely able to deliver tangible outcomes because of our broad range of services, solutions and assets across Strategy & Consulting, Technology, Operations, Industry X and Accenture Song. These capabilities, together with our culture of shared success and commitment to creating 360° value, enable us to help our clients succeed and build trusted, lasting relationships. As of 2023, we have been recognized among Fortune's World's Most Admired Companies for 20 consecutive years. And that's just the beginning. Your career is about what you want to be and who you 
 want to be. It’s about bringing your skills, your curiosity, and your best true self to your work. Visit us at www.accenture.com
  
 We Are:
  Accenture’s Global Responsible AI team within the Global Data & AI Practice. AI is becoming more pervasive, more powerful and more accessible. With these new opportunities come increased risks. We work with leading organizations to ensure AI is designed, built and deployed in a manner that engenders trust and adheres to laws, regulations and ethical norms. Our Responsible AI strategy will enable us to embed responsibility into all of Accenture’s data and AI activities. We’re developing and deploying differentiated IP and Responsible AI solutions with our ecosystem partners. We’ll be engaging regulators to help shape the policy agenda, conducting pioneering research with academia and offer training and resources to our clients through the Responsible AI Academy. The risks of AI are real and well- known. Let’s help our clients turn those risks into opportunities.
 
  You are: 
 We are seeking experts who have a deep understanding of policy, standards and regulation of AI, and who can translate this into helping our clients establish their principles, policies, operating model, governance structures and controls for Responsible AI. The ideal candidate will enjoy the breadth and pace of working with clients from different sectors and will also have the capability to step back and help Accenture shape and influence the development of AI standards and policies.
 
  The work: 
 
   Supporting the process of selling Responsible AI projects to prospective clients
   Helping to shape and lead client projects for Responsible / Ethical AI with a focus on policy, standards and regulatory advisory, operating model, governance structures and controls
   Act as subject matter expert for Responsible AI within a data science / data transformation team
   Supporting client sales conversations and proposals
   Delivering client projects relating to Responsible AI
   Communicating and providing guidance to senior Accenture leadership and client teams
   Assessing the latest developments in data and AI policy and standards
   Creating and maintaining an overview of the key developments in AI regulation
   Engaging with key stakeholders within the policy and regulatory space
   Presenting and positioning Accenture’s point of view amongst clients and other key stakeholders
 
 
 

 Here’s what you need: 
 Minimum of 3 years’ experience with Data and AI Regulation should include, but not limited to:
  o Experience in government/legislative development bodies, regulators, standards bodies, or multilateral collaborative groups
  o As a member of a corporate team focused on Responsible AI
  o As an academic focused not just on the theory but also on the practical application of Responsible AI
 
  Minimum 3 years experience in management consulting or related field. Consulting experience should include:
  o Experience in government/legislative development bodies, regulators, standards bodies, in designing and implementing operating models and governance structures and controls in any of these areas, or multilateral collaborative groups
  o As a member of a corporate team focused on Responsible AI
  o As an academic focused not just on the theory but also on the practical application of Responsible AI
 
 
   Bachelor's degree or equivalent work experience (minimum 12 years). 
   English is required for this position as this role will be aligned to multi-national teams where English is the common language across our Global Enterprise. Due to the significant high volume of interactions with these English-speaking multi-national teams, which is inherent to this position, it is not possible to reorganize the company's activities to avoid this requirement.
 
 
  Bonus Points:
 
   Has published academic papers, white papers, or some form of thought leadership in the field of Responsible / Ethical AI, or closely related areas (advantageous)
   Ability to lead project workstreams to completion
   Priority skills:
 
  o Data & AI regulations and Standards
  o Responsible AI
  o Generative AI Data Ethics
  o Stakeholder Management
  o Consulting skills designing and implementing operating models, governance structures and controls
 
  Compensation at Accenture varies depending on a wide array of factors, which may include but are not limited to the specific office location, role, skill set, and level of experience. As required by local law, Accenture provides a reasonable range of compensation, based on full-time employment, for roles that may be hired in British Columbia as set forth below.
  Information on benefits is here.
  Role Location Annual Salary Range
  British Columbia $60,600 to $158,900
 
  #LI-MP #LI-NA
",,2024-01-16T17:46:04Z,2024-05-26T13:12:10.129Z,"['R', 'AWS', 'Git', 'generative AI']",it-informatique-et-telecommunications,10,Accenture,72.2,121,89.7,55.8,71.0
CA,data scientist,"Ottawa, ON",Responsible AI - Advisor - Senior Manager,https://ca.indeed.com/rc/clk?bb=ilnnNVGxgU85t_UjwTB0e5q-V4fgwS1Du6ZPhOce8Pl0S654fmQLxi4BgSRDzBNHiAQn8IfWH_p_GLVR5mird-DH_y3ovCCedPew0rtL24SEMArrnkwFuqOrkJMTtEn8txfr9PZgcnMVCYbORJ8VNQ==&jk=fb8385d2b2a64ba2&mtk=1hl5k5jjajjii803&from=serp&xkcb=SoCU67M3FlgZrPxyk50PbzkdCdPP,Accenture,"Hybrid remote in Ottawa, ON",4.0,"25,560",,,,,Full-time,"
 Responsible AI Senior Manager
  Accenture is a leading global professional services company that helps the world’s leading businesses, governments and other organizations build their digital core, optimize their operations, accelerate revenue growth and enhance citizen services—creating tangible value at speed and scale. We are a talent and innovation led company with 738,000 people serving clients in more than 120 countries. We combine our strength in technology with unmatched industry experience, functional expertise and global delivery capability. We are uniquely able to deliver tangible outcomes because of our broad range of services, solutions and assets across Strategy & Consulting, Technology, Operations, Industry X and Accenture Song. These capabilities, together with our culture of shared success and commitment to creating 360° value, enable us to help our clients succeed and build trusted, lasting relationships. As of 2023, we have been recognized among Fortune's World's Most Admired Companies for 20 consecutive years. And that's just the beginning. Your career is about what you want to be and who you want to be. It’s about bringing your skills, your curiosity, and your best true self to your work. Visit us at www.accenture.com
  
 We Are:
  Accenture’s Global Responsible AI team within the Global Data & AI Practice. AI is becoming more pervasive, more powerful and more accessible. With these new opportunities come increased risks. We work with leading organizations to ensure AI is designed, built and deployed in a manner that engenders trust and adheres to laws, regulations and ethical norms. Our Responsible AI strategy will enable us to embed responsibility into all of Accenture’s data and AI activities. We’re developing and deploying differentiated IP and Responsible AI solutions with our ecosystem partners. We’ll be engaging regulators to help shape the policy agenda, conducting pioneering research with academia and offer training and resources to our clients through the Responsible AI Academy. The risks of AI are real and well- known. Let’s help our clients turn those risks into opportunities.
 
  You are:
  We are seeking experts who have a deep understanding of policy, standards and regulation of AI, and who can translate this into helping our clients establish their principles, policies, operating model, governance structures and controls for Responsible AI. The ideal candidate will enjoy the breadth and pace of working with clients from different sectors and will also have the capability to step back and help Accenture shape and influence the development of AI standards and policies.
  You'll learn, grow and advance in an innovative culture that thrives on shared success, diverse ways of thinking and enables boundaryless opportunities that can drive your career in new and exciting ways.
 
  The work:
 
   Engaging with prospective clients to help sell Responsible AI projects
   Shaping and leading client projects for Responsible / Ethical AI with a focus on policy, standards and regulatory advisory, operating model, governance structures and controls
   Act as subject matter expert for Responsible AI within a data science / data transformation team
   Supporting client sales conversations and proposals
   Delivering client projects relating to Responsible AI
   Communicating and providing guidance to senior Accenture leadership and client teams
   Assessing the latest developments in data and AI policy and standards
   Creating and maintaining an overview of the key developments in AI regulation
   Engaging with key stakeholders within the policy and regulatory space
   Presenting and positioning Accenture’s point of view amongst clients and other key stakeholders
 

 
 

 Here’s what you need:
 
  Minimum of 7 years’ experience with Data and AI Regulation should include, but not limited to:
  o Experience in government/legislative development bodies, regulators, standards bodies, or multilateral collaborative groups
  o As a member of a corporate team focused on Responsible AI
  o As an academic focused not just on the theory but also on the practical application of Responsible AI
 
  Minimum of 7 years’ experience in management consulting or related field. Consulting experience should include:
  o Experience in government/legislative development bodies, regulators, standards bodies, in designing and implementing operating models and governance structures and controls in any of these areas, or multilateral collaborative groups
  o As a member of a corporate team focused on Responsible AI
  o As an academic focused not just on the theory but also on the practical application of Responsible AI
 
 
   Demonstrated ability to lead project workstreams to completion
   Bachelor's degree or equivalent work experience (minimum 12 years).
   English is required for this position as this role will be aligned to multi-national teams where English is the common language across our Global Enterprise. Due to the significant high volume of interactions with these English-speaking multi-national teams, which is inherent to this position, it is not possible to reorganize the company's activities to avoid this requirement.
 
 
  Bonus points if:
 
   Published academic papers, white papers, or some form of thought leadership in the field of Responsible / Ethical AI, or closely related areas (advantageous)
   Priority skills:
 
  o Data & AI regulations and Standards
  o Responsible AI
  o Generative AI Data Ethics
  o Stakeholder Management
  o Consulting skills designing and implementing operating models, governance structures and controls
 
  Compensation at Accenture varies depending on a wide array of factors, which may include but are not limited to the specific office location, role, skill set, and level of experience. As required by local law, Accenture provides a reasonable range of compensation, based on full-time employment, for roles that may be hired in British Columbia as set forth below.
 
  Information on benefits is here.
 
  Role Location Annual Salary Range
  British Columbia $117,200 to $272,600
 
  #LI-MP #LI-NA
",,2024-01-16T17:46:01Z,2024-05-26T13:12:30.469Z,"['R', 'AWS', 'Git', 'generative AI']",it-informatique-et-telecommunications,10,Accenture,72.2,121,89.7,55.8,71.0
CA,data scientist,"Ottawa, ON",Responsible AI - Advisor - Manager,https://ca.indeed.com/rc/clk?bb=ilnnNVGxgU85t_UjwTB0ewQtnHyyyqEUdvEFXgsgdQX3-h6V5jz8Yz3HlhT3ueFJLH1qSNbB3cBk19GYHCy0CIQH4WenomXDxYIna7bCgmPti3h_Ov3FOE-x_ddIxtxCPLvAFypJ7yK58t-mq6r1Ag==&jk=fa9b9d96f6dcdb57&mtk=1hl5k5jjajjii803&from=serp&xkcb=SoAg67M3FlgZrPxyk50ObzkdCdPP,Accenture,"Hybrid remote in Ottawa, ON",4.0,"25,560",,,,,Full-time,"
 Accenture is a leading global professional services company that helps the world’s leading businesses, governments and other organizations build their digital core, optimize their operations, accelerate revenue growth and enhance citizen services—creating tangible value at speed and scale. We are a talent and innovation led company with 738,000 people serving clients in more than 120 countries. We combine our strength in technology with unmatched industry experience, functional expertise and global delivery capability. We are uniquely able to deliver tangible outcomes because of our broad range of services, solutions and assets across Strategy & Consulting, Technology, Operations, Industry X and Accenture Song. These capabilities, together with our culture of shared success and commitment to creating 360° value, enable us to help our clients succeed and build trusted, lasting relationships. As of 2023, we have been recognized among Fortune's World's Most Admired Companies for 20 consecutive years. And that's just the beginning. Your career is about what you want to be and who you want to be. It’s about bringing your skills, your curiosity, and your best true self to your work. Visit us at www.accenture.com
  
 We Are:
  Accenture’s Global Responsible AI team within the Global Data & AI Practice. AI is becoming more pervasive, more powerful and more accessible. With these new opportunities come increased risks. We work with leading organizations to ensure AI is designed, built and deployed in a manner that engenders trust and adheres to laws, regulations and ethical norms. Our Responsible AI strategy will enable us to embed responsibility into all of Accenture’s data and AI activities. We’re developing and deploying differentiated IP and Responsible AI solutions with our ecosystem partners. We’ll be engaging regulators to help shape the policy agenda, conducting pioneering research with academia and offer training and resources to our clients through the Responsible AI Academy. The risks of AI are real and well- known. Let’s help our clients turn those risks into opportunities.
 
  You are:
  We are seeking experts who have a deep understanding of policy, standards, and regulation of AI, and who can translate this into helping our clients establish their principles, policies, operating model, governance structures and controls for Responsible AI. The ideal candidate will enjoy the breadth and pace of working with clients from different sectors and will also have the capability to step back and help Accenture shape and influence the development of AI standards and policies.
  You'll learn, grow and advance in an innovative culture that thrives on shared success, diverse ways of thinking and enables boundaryless opportunities that can drive your career in new and exciting ways.
 
  The work:
 
   Engaging with prospective clients to help sell Responsible AI projects
   Shaping and leading client projects for Responsible / Ethical AI with a focus on policy, standards and regulatory advisory, operating model, governance structures and controls
   Act as subject matter expert for Responsible AI within a data science / data transformation team
   Supporting client sales conversations and proposals
   Delivering client projects relating to Responsible AI
   Communicating and providing guidance to senior Accenture leadership and client teams
   Assessing the latest developments in data and AI policy and standards
   Creating and maintaining an overview of the key developments in AI regulation
   Engaging with key stakeholders within the policy and regulatory space
   Presenting and positioning Accenture’s point of view amongst clients and other key stakeholders
 
 
 

 Here’s what you need:
  Minimum of 5 years’ experience with Data and AI Regulation should include, but not limited to:
  o Experience in government/legislative development bodies, regulators, standards bodies, or multilateral collaborative groups
  o As a member of a corporate team focused on Responsible AI
  o As an academic focused not just on the theory but also on the practical application of Responsible AI
 
  Minimum of 5 years’ experience in management consulting or related field. Consulting experience should include:
  o Experience in government/legislative development bodies, regulators, standards bodies, in designing and implementing operating models and governance structures and controls in any of these areas, or multilateral collaborative groups
  o As a member of a corporate team focused on Responsible AI
  o As an academic focused not just on the theory but also on the practical application of Responsible AI
 
 
   Bachelor's degree or equivalent work experience (minimum 12 years). 
   English is required for this position as this role will be aligned to multi-national teams where English is the common language across our Global Enterprise. Due to the significant high volume of interactions with these English-speaking multi-national teams, which is inherent to this position, it is not possible to reorganize the company's activities to avoid this requirement.
 
 
  Bonus points if:
 
   Published academic papers, white papers, or some form of thought leadership in the field of Responsible / Ethical AI, or closely related areas (advantageous)
   Demonstrated ability to lead project workstreams to completion
 
 
  Priority skills:
  o Data & AI regulations and Standards
  o Responsible AI
  o Generative AI Data Ethics
  o Stakeholder Management
  o Consulting skills designing and implementing operating models, governance structures and controls
 
  Compensation at Accenture varies depending on a wide array of factors, which may include but are not limited to the specific office location, role, skill set, and level of experience. As required by local law, Accenture provides a reasonable range of compensation, based on full-time employment, for roles that may be hired in British Columbia as set forth below.
  Information on benefits is here.
  Role Location Annual Salary Range
  British Columbia $89,500 to $204,100
 
  #LI-MP #LI-NA
",,2024-01-16T17:46:01Z,2024-05-26T13:12:34.605Z,"['R', 'AWS', 'Git', 'generative AI']",it-informatique-et-telecommunications,10,Accenture,72.2,121,89.7,55.8,71.0
